Workbook

Sheet Attributes
A1: Race attributes — hand-authored (COMBAT_SPEC section 12, step 1)
A2: Blue cells are the only ones to edit here. Everything to the right of Loyalty is a formula derived from them, and every skill on the other sheets reads these values. | Q2: Walk divisor | R2: 10 | S2: 10 = walk speeds step by 0.10 per point. 20 = 0.05 steps, closer to the old RACES.md values.
A4: Race | B4: Category | C4: Alignment | D4: Rarity | E4: Strength | F4: Dexterity | G4: Speed | H4: Endurance | I4: Intelligence | J4: Guile | K4: Perception | L4: Tact | M4: Loyalty | N4: max hp | O4: walk speed | P4: attack profile
A5: Human Peasant (ref) | B5: — | C5: Neutral | D5: not recruitable | E5: 5 | F5: 5 | G5: 5 | H5: 5 | I5: 5 | J5: 5 | K5: 5 | L5: 5 | M5: 5 | N5: =8+H5*2 -> 18 | O5: =1+(G5-5)/$R$2 -> 1 | P5: =IF(AND(E5>=F5,E5>=I5),"Melee",IF(F5>=I5,"Ranged","Arcane")) -> Melee
A6: Skeleton Worker | B6: Labor | C6: Undead | D6: player-made | E6: 4 | F6: 2 | G6: 4 | H6: 4 | I6: 1 | J6: 1 | K6: 2 | L6: 1 | M6: 10 | N6: =8+H6*2 -> 16 | O6: =1+(G6-5)/$R$2 -> 0.9 | P6: =IF(AND(E6>=F6,E6>=I6),"Melee",IF(F6>=I6,"Ranged","Arcane")) -> Melee
A7: Orc | B7: Warrior | C7: Evil | D7: Common | E7: 7 | F7: 4 | G7: 5 | H7: 7 | I7: 3 | J7: 4 | K7: 4 | L7: 5 | M7: 5 | N7: =8+H7*2 -> 22 | O7: =1+(G7-5)/$R$2 -> 1 | P7: =IF(AND(E7>=F7,E7>=I7),"Melee",IF(F7>=I7,"Ranged","Arcane")) -> Melee
A8: Hobgoblin | B8: Warrior | C8: Evil | D8: Uncommon | E8: 6 | F8: 5 | G8: 5 | H8: 6 | I8: 5 | J8: 5 | K8: 5 | L8: 7 | M8: 6 | N8: =8+H8*2 -> 20 | O8: =1+(G8-5)/$R$2 -> 1 | P8: =IF(AND(E8>=F8,E8>=I8),"Melee",IF(F8>=I8,"Ranged","Arcane")) -> Melee
A9: Ogre | B9: Warrior | C9: Chaotic | D9: Uncommon | E9: 9 | F9: 2 | G9: 3 | H9: 8 | I9: 2 | J9: 2 | K9: 2 | L9: 2 | M9: 4 | N9: =8+H9*2 -> 24 | O9: =1+(G9-5)/$R$2 -> 0.8 | P9: =IF(AND(E9>=F9,E9>=I9),"Melee",IF(F9>=I9,"Ranged","Arcane")) -> Melee
A10: Troll | B10: Warrior | C10: Chaotic | D10: Rare | E10: 9 | F10: 3 | G10: 4 | H10: 9 | I10: 1 | J10: 2 | K10: 4 | L10: 1 | M10: 3 | N10: =8+H10*2 -> 26 | O10: =1+(G10-5)/$R$2 -> 0.9 | P10: =IF(AND(E10>=F10,E10>=I10),"Melee",IF(F10>=I10,"Ranged","Arcane")) -> Melee
A11: Gray Dwarf | B11: Economy | C11: Evil | D11: Uncommon | E11: 6 | F11: 6 | G11: 4 | H11: 7 | I11: 5 | J11: 4 | K11: 4 | L11: 5 | M11: 6 | N11: =8+H11*2 -> 22 | O11: =1+(G11-5)/$R$2 -> 0.9 | P11: =IF(AND(E11>=F11,E11>=I11),"Melee",IF(F11>=I11,"Ranged","Arcane")) -> Melee
A12: Kobold | B12: Economy | C12: Chaotic | D12: Common | E12: 2 | F12: 6 | G12: 6 | H12: 3 | I12: 4 | J12: 6 | K12: 5 | L12: 4 | M12: 4 | N12: =8+H12*2 -> 14 | O12: =1+(G12-5)/$R$2 -> 1.1 | P12: =IF(AND(E12>=F12,E12>=I12),"Melee",IF(F12>=I12,"Ranged","Arcane")) -> Ranged
A13: Minotaur | B13: Economy | C13: Neutral | D13: Uncommon | E13: 8 | F13: 3 | G13: 6 | H13: 8 | I13: 4 | J13: 3 | K13: 3 | L13: 5 | M13: 5 | N13: =8+H13*2 -> 24 | O13: =1+(G13-5)/$R$2 -> 1.1 | P13: =IF(AND(E13>=F13,E13>=I13),"Melee",IF(F13>=I13,"Ranged","Arcane")) -> Melee
A14: Mountain Dwarf | B14: Economy | C14: Good | D14: Rare | E14: 6 | F14: 6 | G14: 4 | H14: 7 | I14: 6 | J14: 3 | K14: 4 | L14: 6 | M14: 7 | N14: =8+H14*2 -> 22 | O14: =1+(G14-5)/$R$2 -> 0.9 | P14: =IF(AND(E14>=F14,E14>=I14),"Melee",IF(F14>=I14,"Ranged","Arcane")) -> Melee
A15: Gnome | B15: Research | C15: Neutral | D15: Uncommon | E15: 2 | F15: 6 | G15: 4 | H15: 3 | I15: 8 | J15: 5 | K15: 6 | L15: 2 | M15: 5 | N15: =8+H15*2 -> 14 | O15: =1+(G15-5)/$R$2 -> 0.9 | P15: =IF(AND(E15>=F15,E15>=I15),"Melee",IF(F15>=I15,"Ranged","Arcane")) -> Arcane
A16: Dark Elf | B16: Research | C16: Evil | D16: Uncommon | E16: 4 | F16: 7 | G16: 6 | H16: 4 | I16: 7 | J16: 7 | K16: 7 | L16: 6 | M16: 4 | N16: =8+H16*2 -> 16 | O16: =1+(G16-5)/$R$2 -> 1.1 | P16: =IF(AND(E16>=F16,E16>=I16),"Melee",IF(F16>=I16,"Ranged","Arcane")) -> Ranged
... A22: Ghoul | B22: Warrior | C22: Undead | D22: player-made | E22: 7 | F22: 3 | G22: 6 | H22: 6 | I22: 2 | J22: 2 | K22: 5 | L22: 1 | M22: 10 | N22: =8+H22*2 -> 20 | O22: =1+(G22-5)/$R$2 -> 1.1 | P22: =IF(AND(E22>=F22,E22>=I22),"Melee",IF(F22>=I22,"Ranged","Arcane")) -> Melee
A23: Creatures & villains — same nine attributes (COMBAT_SPEC amendment 2026-08-06, note 4)
A24: The Necromancer | B24: Villain | C24: Undead | D24: the player | E24: 4 | F24: 4 | G24: 5 | H24: 6 | I24: 7 | J24: 6 | K24: 6 | L24: 5 | M24: — | N24: =8+H24*2 -> 20 | O24: =1+(G24-5)/$R$2 -> 1 | P24: =IF(AND(E24>=F24,E24>=I24),"Melee",IF(F24>=I24,"Ranged","Arcane")) -> Arcane
A25: Wolf | B25: Creature | C25: Wild | D25: wildlife | E25: 5 | F25: 3 | G25: 8 | H25: 5 | I25: 2 | J25: 3 | K25: 6 | L25: 2 | M25: 5 | N25: =8+H25*2 -> 18 | O25: =1+(G25-5)/$R$2 -> 1.3 | P25: =IF(AND(E25>=F25,E25>=I25),"Melee",IF(F25>=I25,"Ranged","Arcane")) -> Melee
A26: Necromancer: End 6 keeps hp 20 and carry 6 (the R1 values); Int 7 → Arcane by rule. Wolf: Speed 8 → 1.3 = the shipped chase speed; End 5 → hp 18 = shipped MAX_HP; Int 2 is the arcane-vs-beast damage knob.
A27: Formulas
A28: max hp = 8 + Endurance x 2
A29: walk speed = 1.0 + (Speed - 5) / 10 — Speed 5 is one grid cell per second
A30: attack profile = highest of Strength / Dexterity / Intelligence, ties resolve Str > Dex > Int
A31: Human Peasant is the 1-10 reference and is not recruitable. Skeleton Worker is player-made and rolls no variance.

Sheet Skill templates
A1: Skill templates — hand-authored (COMBAT_SPEC section 12, step 2)
A2: Six templates replace 204 hand-picked skill numbers. A race takes a template and overrides only what its identity demands.
A4: Template | B4: Woodcutting | C4: Mining | D4: Foraging | E4: Hunting | F4: Fishing | G4: Crafting | H4: Trapper | I4: Scouting | J4: Mercantile | K4: Research | L4: Surgeon | M4: Leadership
A5: labor | B5: 3 | C5: 3 | D5: 2 | E5: 1 | F5: 1 | G5: 1 | H5: 1 | I5: 1 | J5: 1 | K5: 1 | L5: 1 | M5: 1
A6: warrior | B6: 5 | C6: 4 | D6: 3 | E6: 4 | F6: 2 | G6: 3 | H6: 3 | I6: 4 | J6: 3 | K6: 2 | L6: 2 | M6: 5
A7: miner | B7: 4 | C7: 8 | D7: 2 | E7: 2 | F7: 2 | G7: 5 | H7: 3 | I7: 3 | J7: 5 | K7: 3 | L7: 2 | M7: 4
A8: forager | B8: 3 | C8: 2 | D8: 8 | E8: 7 | F8: 6 | G8: 3 | H8: 6 | I8: 6 | J8: 3 | K8: 2 | L8: 3 | M8: 3
A9: scholar | B9: 2 | C9: 3 | D9: 4 | E9: 3 | F9: 3 | G9: 5 | H9: 4 | I9: 5 | J9: 5 | K9: 8 | L9: 6 | M9: 4
A10: versatile | B10: 5 | C10: 5 | D10: 5 | E10: 5 | F10: 5 | G10: 5 | H10: 5 | I10: 5 | J10: 5 | K10: 5 | L10: 5 | M10: 5
A13: Governing attribute per skill — one each, never two (COMBAT_SPEC section 2.2)
A14: governed by | B14: Strength | C14: Strength | D14: Perception | E14: Dexterity | F14: Dexterity | G14: Dexterity | H14: Guile | I14: Perception | J14: Guile | K14: Intelligence | L14: Intelligence | M14: Tact

Sheet Race skills
A1: Baseline skills = template value, unless overridden
A2: Shaded cells are per-race overrides — the only hand-authored numbers here. Unshaded cells are live links to the template sheet, so editing a template moves every race using it.
A4: Race | B4: Template | C4: Woodcutting | D4: Mining | E4: Foraging | F4: Hunting | G4: Fishing | H4: Crafting | I4: Trapper | J4: Scouting | K4: Mercantile | L4: Research | M4: Surgeon | N4: Leadership
A5: Human Peasant (ref) | B5: versatile | C5: ='Skill templates'!B10 -> 5 | D5: ='Skill templates'!C10 -> 5 | E5: ='Skill templates'!D10 -> 5 | F5: ='Skill templates'!E10 -> 5 | G5: ='Skill templates'!F10 -> 5 | H5: ='Skill templates'!G10 -> 5 | I5: ='Skill templates'!H10 -> 5 | J5: ='Skill templates'!I10 -> 5 | ... N5: ='Skill templates'!M10 -> 5
A6: Skeleton Worker | B6: labor | C6: ='Skill templates'!B5 -> 3 | D6: ='Skill templates'!C5 -> 3 | E6: ='Skill templates'!D5 -> 2 | F6: ='Skill templates'!E5 -> 1 | G6: ='Skill templates'!F5 -> 1 | H6: ='Skill templates'!G5 -> 1 | I6: ='Skill templates'!H5 -> 1 | J6: ='Skill templates'!I5 -> 1 | ... N6: ='Skill templates'!M5 -> 1
A7: Orc | B7: warrior | C7: ='Skill templates'!B6 -> 5 | D7: ='Skill templates'!C6 -> 4 | E7: 4 | F7: ='Skill templates'!E6 -> 4 | G7: ='Skill templates'!F6 -> 2 | H7: ='Skill templates'!G6 -> 3 | I7: ='Skill templates'!H6 -> 3 | J7: ='Skill templates'!I6 -> 4 | K7: ='Skill templates'!J6 -> 3 | L7: ='Skill templates'!K6 -> 2 | M7: ='Skill templates'!L6 -> 2 | N7: ='Skill templates'!M6 -> 5
A8: Hobgoblin | B8: warrior | C8: ='Skill templates'!B6 -> 5 | D8: ='Skill templates'!C6 -> 4 | E8: ='Skill templates'!D6 -> 3 | F8: ='Skill templates'!E6 -> 4 | G8: ='Skill templates'!F6 -> 2 | H8: 4 | I8: ='Skill templates'!H6 -> 3 | J8: ='Skill templates'!I6 -> 4 | K8: ='Skill templates'!J6 -> 3 | L8: ='Skill templates'!K6 -> 2 | M8: ='Skill templates'!L6 -> 2 | N8: 7
A9: Ogre | B9: warrior | C9: 6 | D9: 6 | E9: ='Skill templates'!D6 -> 3 | F9: ='Skill templates'!E6 -> 4 | G9: ='Skill templates'!F6 -> 2 | H9: ='Skill templates'!G6 -> 3 | I9: ='Skill templates'!H6 -> 3 | J9: ='Skill templates'!I6 -> 4 | K9: ='Skill templates'!J6 -> 3 | L9: ='Skill templates'!K6 -> 2 | M9: ='Skill templates'!L6 -> 2 | N9: 1
A10: Troll | B10: warrior | C10: ='Skill templates'!B6 -> 5 | D10: ='Skill templates'!C6 -> 4 | E10: 5 | F10: ='Skill templates'!E6 -> 4 | G10: ='Skill templates'!F6 -> 2 | H10: ='Skill templates'!G6 -> 3 | I10: ='Skill templates'!H6 -> 3 | J10: ='Skill templates'!I6 -> 4 | K10: ='Skill templates'!J6 -> 3 | L10: ='Skill templates'!K6 -> 2 | M10: 1 | N10: 1
A11: Gray Dwarf | B11: miner | C11: ='Skill templates'!B7 -> 4 | D11: 9 | E11: ='Skill templates'!D7 -> 2 | F11: ='Skill templates'!E7 -> 2 | G11: ='Skill templates'!F7 -> 2 | H11: 7 | I11: ='Skill templates'!H7 -> 3 | J11: ='Skill templates'!I7 -> 3 | K11: ='Skill templates'!J7 -> 5 | L11: ='Skill templates'!K7 -> 3 | M11: ='Skill templates'!L7 -> 2 | N11: ='Skill templates'!M7 -> 4
A12: Kobold | B12: miner | C12: ='Skill templates'!B7 -> 4 | D12: 6 | E12: ='Skill templates'!D7 -> 2 | F12: ='Skill templates'!E7 -> 2 | G12: ='Skill templates'!F7 -> 2 | H12: 4 | I12: 7 | J12: ='Skill templates'!I7 -> 3 | K12: 3 | L12: ='Skill templates'!K7 -> 3 | M12: ='Skill templates'!L7 -> 2 | N12: ='Skill templates'!M7 -> 4
A13: Minotaur | B13: miner | C13: 7 | D13: 7 | E13: ='Skill templates'!D7 -> 2 | F13: ='Skill templates'!E7 -> 2 | G13: ='Skill templates'!F7 -> 2 | H13: ='Skill templates'!G7 -> 5 | I13: ='Skill templates'!H7 -> 3 | J13: ='Skill templates'!I7 -> 3 | K13: 6 | L13: ='Skill templates'!K7 -> 3 | M13: ='Skill templates'!L7 -> 2 | N13: ='Skill templates'!M7 -> 4
A14: Mountain Dwarf | B14: miner | C14: ='Skill templates'!B7 -> 4 | D14: ='Skill templates'!C7 -> 8 | E14: ='Skill templates'!D7 -> 2 | F14: ='Skill templates'!E7 -> 2 | G14: ='Skill templates'!F7 -> 2 | H14: 7 | I14: ='Skill templates'!H7 -> 3 | J14: ='Skill templates'!I7 -> 3 | K14: ='Skill templates'!J7 -> 5 | L14: ='Skill templates'!K7 -> 3 | M14: ='Skill templates'!L7 -> 2 | N14: 5
A15: Gnome | B15: scholar | C15: ='Skill templates'!B9 -> 2 | D15: ='Skill templates'!C9 -> 3 | E15: ='Skill templates'!D9 -> 4 | F15: ='Skill templates'!E9 -> 3 | G15: ='Skill templates'!F9 -> 3 | H15: 6 | I15: 5 | J15: ='Skill templates'!I9 -> 5 | K15: ='Skill templates'!J9 -> 5 | L15: ='Skill templates'!K9 -> 8 | M15: ='Skill templates'!L9 -> 6 | N15: ='Skill templates'!M9 -> 4
A16: Dark Elf | B16: scholar | C16: ='Skill templates'!B9 -> 2 | D16: ='Skill templates'!C9 -> 3 | E16: ='Skill templates'!D9 -> 4 | F16: ='Skill templates'!E9 -> 3 | G16: ='Skill templates'!F9 -> 3 | H16: ='Skill templates'!G9 -> 5 | I16: 6 | J16: 7 | K16: ='Skill templates'!J9 -> 5 | L16: 7 | M16: ='Skill templates'!L9 -> 6 | N16: ='Skill templates'!M9 -> 4
A17: High Elf | B17: scholar | C17: ='Skill templates'!B9 -> 2 | D17: ='Skill templates'!C9 -> 3 | E17: 6 | F17: ='Skill templates'!E9 -> 3 | G17: ='Skill templates'!F9 -> 3 | H17: ='Skill templates'!G9 -> 5 | I17: ='Skill templates'!H9 -> 4 | J17: ='Skill templates'!I9 -> 5 | K17: ='Skill templates'!J9 -> 5 | L17: ='Skill templates'!K9 -> 8 | M17: 7 | N17: ='Skill templates'!M9 -> 4
A18: Goblin | B18: forager | C18: ='Skill templates'!B8 -> 3 | D18: ='Skill templates'!C8 -> 2 | E18: ='Skill templates'!D8 -> 8 | F18: ='Skill templates'!E8 -> 7 | G18: ='Skill templates'!F8 -> 6 | H18: ='Skill templates'!G8 -> 3 | I18: 6 | J18: ='Skill templates'!I8 -> 6 | K18: 4 | L18: ='Skill templates'!K8 -> 2 | M18: ='Skill templates'!L8 -> 3 | N18: ='Skill templates'!M8 -> 3
A19: Gnoll | B19: forager | C19: ='Skill templates'!B8 -> 3 | D19: ='Skill templates'!C8 -> 2 | E19: 9 | F19: 8 | G19: ='Skill templates'!F8 -> 6 | H19: ='Skill templates'!G8 -> 3 | I19: ='Skill templates'!H8 -> 6 | J19: ='Skill templates'!I8 -> 6 | K19: ='Skill templates'!J8 -> 3 | L19: ='Skill templates'!K8 -> 2 | M19: ='Skill templates'!L8 -> 3 | N19: 2
A20: Halfling | B20: forager | C20: ='Skill templates'!B8 -> 3 | D20: ='Skill templates'!C8 -> 2 | E20: ='Skill templates'!D8 -> 8 | F20: ='Skill templates'!E8 -> 7 | G20: 7 | H20: ='Skill templates'!G8 -> 3 | I20: ='Skill templates'!H8 -> 6 | J20: ='Skill templates'!I8 -> 6 | K20: 5 | L20: ='Skill templates'!K8 -> 2 | M20: 5 | N20: ='Skill templates'!M8 -> 3
A21: Human Outcast | B21: versatile | C21: ='Skill templates'!B10 -> 5 | D21: ='Skill templates'!C10 -> 5 | E21: ='Skill templates'!D10 -> 5 | F21: ='Skill templates'!E10 -> 5 | G21: ='Skill templates'!F10 -> 5 | H21: ='Skill templates'!G10 -> 5 | I21: ='Skill templates'!H10 -> 5 | J21: ='Skill templates'!I10 -> 5 | ... N21: ='Skill templates'!M10 -> 5
A22: Ghoul | B22: labor | C22: ='Skill templates'!B5 -> 3 | D22: ='Skill templates'!C5 -> 3 | E22: ='Skill templates'!D5 -> 2 | F22: ='Skill templates'!E5 -> 1 | G22: ='Skill templates'!F5 -> 1 | H22: ='Skill templates'!G5 -> 1 | I22: ='Skill templates'!H5 -> 1 | J22: ='Skill templates'!I5 -> 1 | ... N22: ='Skill templates'!M5 -> 1
A24: 35 overrides across 17 races — everything else comes from six templates.

Sheet Effective skills
A1: Effective skill = baseline + FLOOR((governing attribute - 5) / 2)
A2: This is the number the game actually uses. Nothing here is hand-authored — change an attribute or a template and this sheet moves. The divisor is the main balance knob: /2 gives a -2..+2 swing, /3 narrows it to -1..+1.
A3: Divisor | B3: 2 | C3: <- edit this to compare /2 against /3
A5: Race | B5: Profile | C5: Woodcutting | D5: Mining | E5: Foraging | F5: Hunting | G5: Fishing | H5: Crafting | I5: Trapper | J5: Scouting | K5: Mercantile | L5: Research | M5: Surgeon | N5: Leadership
A6: =Attributes!A5 -> Human Peasant (ref) | B6: =Attributes!P5 -> Melee | C6: =MAX(1,MIN(10,'Race skills'!C5+FLOOR((Attributes!E5-5)/$B$3,1))) -> 5 | D6: =MAX(1,MIN(10,'Race skills'!D5+FLOOR((Attributes!E5-5)/$B$3,1))) -> 5 | E6: =MAX(1,MIN(10,'Race skills'!E5+FLOOR((Attributes!K5-5)/$B$3,1))) -> 5 | F6: =MAX(1,MIN(10,'Race skills'!F5+FLOOR((Attributes!F5-5)/$B$3,1))) -> 5 | G6: =MAX(1,MIN(10,'Race skills'!G5+FLOOR((Attributes!F5-5)/$B$3,1))) -> 5 | H6: =MAX(1,MIN(10,'Race skills'!H5+FLOOR((Attributes!F5-5)/$B$3,1))) -> 5 | I6: =MAX(1,MIN(10,'Race skills'!I5+FLOOR((Attributes!J5-5)/$B$3,1))) -> 5 | J6: =MAX(1,MIN(10,'Race skills'!J5+FLOOR((Attributes!K5-5)/$B$3,1))) -> 5 | K6: =MAX(1,MIN(10,'Race skills'!K5+FLOOR((Attributes!J5-5)/$B$3,1))) -> 5 | L6: =MAX(1,MIN(10,'Race skills'!L5+FLOOR((Attributes!I5-5)/$B$3,1))) -> 5 | M6: =MAX(1,MIN(10,'Race skills'!M5+FLOOR((Attributes!I5-5)/$B$3,1))) -> 5 | N6: =MAX(1,MIN(10,'Race skills'!N5+FLOOR((Attributes!L5-5)/$B$3,1))) -> 5
A7: =Attributes!A6 -> Skeleton Worker | B7: =Attributes!P6 -> Melee | C7: =MAX(1,MIN(10,'Race skills'!C6+FLOOR((Attributes!E6-5)/$B$3,1))) -> 2 | D7: =MAX(1,MIN(10,'Race skills'!D6+FLOOR((Attributes!E6-5)/$B$3,1))) -> 2 | E7: =MAX(1,MIN(10,'Race skills'!E6+FLOOR((Attributes!K6-5)/$B$3,1))) -> 1 | F7: =MAX(1,MIN(10,'Race skills'!F6+FLOOR((Attributes!F6-5)/$B$3,1))) -> 1 | G7: =MAX(1,MIN(10,'Race skills'!G6+FLOOR((Attributes!F6-5)/$B$3,1))) -> 1 | H7: =MAX(1,MIN(10,'Race skills'!H6+FLOOR((Attributes!F6-5)/$B$3,1))) -> 1 | I7: =MAX(1,MIN(10,'Race skills'!I6+FLOOR((Attributes!J6-5)/$B$3,1))) -> 1 | J7: =MAX(1,MIN(10,'Race skills'!J6+FLOOR((Attributes!K6-5)/$B$3,1))) -> 1 | K7: =MAX(1,MIN(10,'Race skills'!K6+FLOOR((Attributes!J6-5)/$B$3,1))) -> 1 | L7: =MAX(1,MIN(10,'Race skills'!L6+FLOOR((Attributes!I6-5)/$B$3,1))) -> 1 | M7: =MAX(1,MIN(10,'Race skills'!M6+FLOOR((Attributes!I6-5)/$B$3,1))) -> 1 | N7: =MAX(1,MIN(10,'Race skills'!N6+FLOOR((Attributes!L6-5)/$B$3,1))) -> 1
A8: =Attributes!A7 -> Orc | B8: =Attributes!P7 -> Melee | C8: =MAX(1,MIN(10,'Race skills'!C7+FLOOR((Attributes!E7-5)/$B$3,1))) -> 6 | D8: =MAX(1,MIN(10,'Race skills'!D7+FLOOR((Attributes!E7-5)/$B$3,1))) -> 5 | E8: =MAX(1,MIN(10,'Race skills'!E7+FLOOR((Attributes!K7-5)/$B$3,1))) -> 3 | F8: =MAX(1,MIN(10,'Race skills'!F7+FLOOR((Attributes!F7-5)/$B$3,1))) -> 3 | G8: =MAX(1,MIN(10,'Race skills'!G7+FLOOR((Attributes!F7-5)/$B$3,1))) -> 1 | H8: =MAX(1,MIN(10,'Race skills'!H7+FLOOR((Attributes!F7-5)/$B$3,1))) -> 2 | I8: =MAX(1,MIN(10,'Race skills'!I7+FLOOR((Attributes!J7-5)/$B$3,1))) -> 2 | J8: =MAX(1,MIN(10,'Race skills'!J7+FLOOR((Attributes!K7-5)/$B$3,1))) -> 3 | K8: =MAX(1,MIN(10,'Race skills'!K7+FLOOR((Attributes!J7-5)/$B$3,1))) -> 2 | L8: =MAX(1,MIN(10,'Race skills'!L7+FLOOR((Attributes!I7-5)/$B$3,1))) -> 1 | M8: =MAX(1,MIN(10,'Race skills'!M7+FLOOR((Attributes!I7-5)/$B$3,1))) -> 1 | N8: =MAX(1,MIN(10,'Race skills'!N7+FLOOR((Attributes!L7-5)/$B$3,1))) -> 5
A9: =Attributes!A8 -> Hobgoblin | B9: =Attributes!P8 -> Melee | C9: =MAX(1,MIN(10,'Race skills'!C8+FLOOR((Attributes!E8-5)/$B$3,1))) -> 5 | D9: =MAX(1,MIN(10,'Race skills'!D8+FLOOR((Attributes!E8-5)/$B$3,1))) -> 4 | E9: =MAX(1,MIN(10,'Race skills'!E8+FLOOR((Attributes!K8-5)/$B$3,1))) -> 3 | F9: =MAX(1,MIN(10,'Race skills'!F8+FLOOR((Attributes!F8-5)/$B$3,1))) -> 4 | G9: =MAX(1,MIN(10,'Race skills'!G8+FLOOR((Attributes!F8-5)/$B$3,1))) -> 2 | H9: =MAX(1,MIN(10,'Race skills'!H8+FLOOR((Attributes!F8-5)/$B$3,1))) -> 4 | I9: =MAX(1,MIN(10,'Race skills'!I8+FLOOR((Attributes!J8-5)/$B$3,1))) -> 3 | J9: =MAX(1,MIN(10,'Race skills'!J8+FLOOR((Attributes!K8-5)/$B$3,1))) -> 4 | K9: =MAX(1,MIN(10,'Race skills'!K8+FLOOR((Attributes!J8-5)/$B$3,1))) -> 3 | L9: =MAX(1,MIN(10,'Race skills'!L8+FLOOR((Attributes!I8-5)/$B$3,1))) -> 2 | M9: =MAX(1,MIN(10,'Race skills'!M8+FLOOR((Attributes!I8-5)/$B$3,1))) -> 2 | N9: =MAX(1,MIN(10,'Race skills'!N8+FLOOR((Attributes!L8-5)/$B$3,1))) -> 8
A10: =Attributes!A9 -> Ogre | B10: =Attributes!P9 -> Melee | C10: =MAX(1,MIN(10,'Race skills'!C9+FLOOR((Attributes!E9-5)/$B$3,1))) -> 8 | D10: =MAX(1,MIN(10,'Race skills'!D9+FLOOR((Attributes!E9-5)/$B$3,1))) -> 8 | E10: =MAX(1,MIN(10,'Race skills'!E9+FLOOR((Attributes!K9-5)/$B$3,1))) -> 1 | F10: =MAX(1,MIN(10,'Race skills'!F9+FLOOR((Attributes!F9-5)/$B$3,1))) -> 2 | G10: =MAX(1,MIN(10,'Race skills'!G9+FLOOR((Attributes!F9-5)/$B$3,1))) -> 1 | H10: =MAX(1,MIN(10,'Race skills'!H9+FLOOR((Attributes!F9-5)/$B$3,1))) -> 1 | I10: =MAX(1,MIN(10,'Race skills'!I9+FLOOR((Attributes!J9-5)/$B$3,1))) -> 1 | J10: =MAX(1,MIN(10,'Race skills'!J9+FLOOR((Attributes!K9-5)/$B$3,1))) -> 2 | K10: =MAX(1,MIN(10,'Race skills'!K9+FLOOR((Attributes!J9-5)/$B$3,1))) -> 1 | L10: =MAX(1,MIN(10,'Race skills'!L9+FLOOR((Attributes!I9-5)/$B$3,1))) -> 1 | M10: =MAX(1,MIN(10,'Race skills'!M9+FLOOR((Attributes!I9-5)/$B$3,1))) -> 1 | N10: =MAX(1,MIN(10,'Race skills'!N9+FLOOR((Attributes!L9-5)/$B$3,1))) -> 1
A11: =Attributes!A10 -> Troll | B11: =Attributes!P10 -> Melee | C11: =MAX(1,MIN(10,'Race skills'!C10+FLOOR((Attributes!E10-5)/$B$3,1))) -> 7 | D11: =MAX(1,MIN(10,'Race skills'!D10+FLOOR((Attributes!E10-5)/$B$3,1))) -> 6 | E11: =MAX(1,MIN(10,'Race skills'!E10+FLOOR((Attributes!K10-5)/$B$3,1))) -> 4 | F11: =MAX(1,MIN(10,'Race skills'!F10+FLOOR((Attributes!F10-5)/$B$3,1))) -> 3 | G11: =MAX(1,MIN(10,'Race skills'!G10+FLOOR((Attributes!F10-5)/$B$3,1))) -> 1 | H11: =MAX(1,MIN(10,'Race skills'!H10+FLOOR((Attributes!F10-5)/$B$3,1))) -> 2 | I11: =MAX(1,MIN(10,'Race skills'!I10+FLOOR((Attributes!J10-5)/$B$3,1))) -> 1 | J11: =MAX(1,MIN(10,'Race skills'!J10+FLOOR((Attributes!K10-5)/$B$3,1))) -> 3 | K11: =MAX(1,MIN(10,'Race skills'!K10+FLOOR((Attributes!J10-5)/$B$3,1))) -> 1 | L11: =MAX(1,MIN(10,'Race skills'!L10+FLOOR((Attributes!I10-5)/$B$3,1))) -> 1 | M11: =MAX(1,MIN(10,'Race skills'!M10+FLOOR((Attributes!I10-5)/$B$3,1))) -> 1 | N11: =MAX(1,MIN(10,'Race skills'!N10+FLOOR((Attributes!L10-5)/$B$3,1))) -> 1
A12: =Attributes!A11 -> Gray Dwarf | B12: =Attributes!P11 -> Melee | C12: =MAX(1,MIN(10,'Race skills'!C11+FLOOR((Attributes!E11-5)/$B$3,1))) -> 4 | D12: =MAX(1,MIN(10,'Race skills'!D11+FLOOR((Attributes!E11-5)/$B$3,1))) -> 9 | E12: =MAX(1,MIN(10,'Race skills'!E11+FLOOR((Attributes!K11-5)/$B$3,1))) -> 1 | F12: =MAX(1,MIN(10,'Race skills'!F11+FLOOR((Attributes!F11-5)/$B$3,1))) -> 2 | G12: =MAX(1,MIN(10,'Race skills'!G11+FLOOR((Attributes!F11-5)/$B$3,1))) -> 2 | H12: =MAX(1,MIN(10,'Race skills'!H11+FLOOR((Attributes!F11-5)/$B$3,1))) -> 7 | I12: =MAX(1,MIN(10,'Race skills'!I11+FLOOR((Attributes!J11-5)/$B$3,1))) -> 2 | J12: =MAX(1,MIN(10,'Race skills'!J11+FLOOR((Attributes!K11-5)/$B$3,1))) -> 2 | K12: =MAX(1,MIN(10,'Race skills'!K11+FLOOR((Attributes!J11-5)/$B$3,1))) -> 4 | L12: =MAX(1,MIN(10,'Race skills'!L11+FLOOR((Attributes!I11-5)/$B$3,1))) -> 3 | M12: =MAX(1,MIN(10,'Race skills'!M11+FLOOR((Attributes!I11-5)/$B$3,1))) -> 2 | N12: =MAX(1,MIN(10,'Race skills'!N11+FLOOR((Attributes!L11-5)/$B$3,1))) -> 4
A13: =Attributes!A12 -> Kobold | B13: =Attributes!P12 -> Ranged | C13: =MAX(1,MIN(10,'Race skills'!C12+FLOOR((Attributes!E12-5)/$B$3,1))) -> 2 | D13: =MAX(1,MIN(10,'Race skills'!D12+FLOOR((Attributes!E12-5)/$B$3,1))) -> 4 | E13: =MAX(1,MIN(10,'Race skills'!E12+FLOOR((Attributes!K12-5)/$B$3,1))) -> 2 | F13: =MAX(1,MIN(10,'Race skills'!F12+FLOOR((Attributes!F12-5)/$B$3,1))) -> 2 | G13: =MAX(1,MIN(10,'Race skills'!G12+FLOOR((Attributes!F12-5)/$B$3,1))) -> 2 | H13: =MAX(1,MIN(10,'Race skills'!H12+FLOOR((Attributes!F12-5)/$B$3,1))) -> 4 | I13: =MAX(1,MIN(10,'Race skills'!I12+FLOOR((Attributes!J12-5)/$B$3,1))) -> 7 | J13: =MAX(1,MIN(10,'Race skills'!J12+FLOOR((Attributes!K12-5)/$B$3,1))) -> 3 | K13: =MAX(1,MIN(10,'Race skills'!K12+FLOOR((Attributes!J12-5)/$B$3,1))) -> 3 | L13: =MAX(1,MIN(10,'Race skills'!L12+FLOOR((Attributes!I12-5)/$B$3,1))) -> 2 | M13: =MAX(1,MIN(10,'Race skills'!M12+FLOOR((Attributes!I12-5)/$B$3,1))) -> 1 | N13: =MAX(1,MIN(10,'Race skills'!N12+FLOOR((Attributes!L12-5)/$B$3,1))) -> 3
A14: =Attributes!A13 -> Minotaur | B14: =Attributes!P13 -> Melee | C14: =MAX(1,MIN(10,'Race skills'!C13+FLOOR((Attributes!E13-5)/$B$3,1))) -> 8 | D14: =MAX(1,MIN(10,'Race skills'!D13+FLOOR((Attributes!E13-5)/$B$3,1))) -> 8 | E14: =MAX(1,MIN(10,'Race skills'!E13+FLOOR((Attributes!K13-5)/$B$3,1))) -> 1 | F14: =MAX(1,MIN(10,'Race skills'!F13+FLOOR((Attributes!F13-5)/$B$3,1))) -> 1 | G14: =MAX(1,MIN(10,'Race skills'!G13+FLOOR((Attributes!F13-5)/$B$3,1))) -> 1 | H14: =MAX(1,MIN(10,'Race skills'!H13+FLOOR((Attributes!F13-5)/$B$3,1))) -> 4 | I14: =MAX(1,MIN(10,'Race skills'!I13+FLOOR((Attributes!J13-5)/$B$3,1))) -> 2 | J14: =MAX(1,MIN(10,'Race skills'!J13+FLOOR((Attributes!K13-5)/$B$3,1))) -> 2 | K14: =MAX(1,MIN(10,'Race skills'!K13+FLOOR((Attributes!J13-5)/$B$3,1))) -> 5 | L14: =MAX(1,MIN(10,'Race skills'!L13+FLOOR((Attributes!I13-5)/$B$3,1))) -> 2 | M14: =MAX(1,MIN(10,'Race skills'!M13+FLOOR((Attributes!I13-5)/$B$3,1))) -> 1 | N14: =MAX(1,MIN(10,'Race skills'!N13+FLOOR((Attributes!L13-5)/$B$3,1))) -> 4
A15: =Attributes!A14 -> Mountain Dwarf | B15: =Attributes!P14 -> Melee | C15: =MAX(1,MIN(10,'Race skills'!C14+FLOOR((Attributes!E14-5)/$B$3,1))) -> 4 | D15: =MAX(1,MIN(10,'Race skills'!D14+FLOOR((Attributes!E14-5)/$B$3,1))) -> 8 | E15: =MAX(1,MIN(10,'Race skills'!E14+FLOOR((Attributes!K14-5)/$B$3,1))) -> 1 | F15: =MAX(1,MIN(10,'Race skills'!F14+FLOOR((Attributes!F14-5)/$B$3,1))) -> 2 | G15: =MAX(1,MIN(10,'Race skills'!G14+FLOOR((Attributes!F14-5)/$B$3,1))) -> 2 | H15: =MAX(1,MIN(10,'Race skills'!H14+FLOOR((Attributes!F14-5)/$B$3,1))) -> 7 | I15: =MAX(1,MIN(10,'Race skills'!I14+FLOOR((Attributes!J14-5)/$B$3,1))) -> 2 | J15: =MAX(1,MIN(10,'Race skills'!J14+FLOOR((Attributes!K14-5)/$B$3,1))) -> 2 | K15: =MAX(1,MIN(10,'Race skills'!K14+FLOOR((Attributes!J14-5)/$B$3,1))) -> 4 | L15: =MAX(1,MIN(10,'Race skills'!L14+FLOOR((Attributes!I14-5)/$B$3,1))) -> 3 | M15: =MAX(1,MIN(10,'Race skills'!M14+FLOOR((Attributes!I14-5)/$B$3,1))) -> 2 | N15: =MAX(1,MIN(10,'Race skills'!N14+FLOOR((Attributes!L14-5)/$B$3,1))) -> 5
A16: =Attributes!A15 -> Gnome | B16: =Attributes!P15 -> Arcane | C16: =MAX(1,MIN(10,'Race skills'!C15+FLOOR((Attributes!E15-5)/$B$3,1))) -> 1 | D16: =MAX(1,MIN(10,'Race skills'!D15+FLOOR((Attributes!E15-5)/$B$3,1))) -> 1 | E16: =MAX(1,MIN(10,'Race skills'!E15+FLOOR((Attributes!K15-5)/$B$3,1))) -> 4 | F16: =MAX(1,MIN(10,'Race skills'!F15+FLOOR((Attributes!F15-5)/$B$3,1))) -> 3 | G16: =MAX(1,MIN(10,'Race skills'!G15+FLOOR((Attributes!F15-5)/$B$3,1))) -> 3 | H16: =MAX(1,MIN(10,'Race skills'!H15+FLOOR((Attributes!F15-5)/$B$3,1))) -> 6 | I16: =MAX(1,MIN(10,'Race skills'!I15+FLOOR((Attributes!J15-5)/$B$3,1))) -> 5 | J16: =MAX(1,MIN(10,'Race skills'!J15+FLOOR((Attributes!K15-5)/$B$3,1))) -> 5 | K16: =MAX(1,MIN(10,'Race skills'!K15+FLOOR((Attributes!J15-5)/$B$3,1))) -> 5 | L16: =MAX(1,MIN(10,'Race skills'!L15+FLOOR((Attributes!I15-5)/$B$3,1))) -> 9 | M16: =MAX(1,MIN(10,'Race skills'!M15+FLOOR((Attributes!I15-5)/$B$3,1))) -> 7 | N16: =MAX(1,MIN(10,'Race skills'!N15+FLOOR((Attributes!L15-5)/$B$3,1))) -> 2
A17: =Attributes!A16 -> Dark Elf | B17: =Attributes!P16 -> Ranged | C17: =MAX(1,MIN(10,'Race skills'!C16+FLOOR((Attributes!E16-5)/$B$3,1))) -> 1 | D17: =MAX(1,MIN(10,'Race skills'!D16+FLOOR((Attributes!E16-5)/$B$3,1))) -> 2 | E17: =MAX(1,MIN(10,'Race skills'!E16+FLOOR((Attributes!K16-5)/$B$3,1))) -> 5 | F17: =MAX(1,MIN(10,'Race skills'!F16+FLOOR((Attributes!F16-5)/$B$3,1))) -> 4 | G17: =MAX(1,MIN(10,'Race skills'!G16+FLOOR((Attributes!F16-5)/$B$3,1))) -> 4 | H17: =MAX(1,MIN(10,'Race skills'!H16+FLOOR((Attributes!F16-5)/$B$3,1))) -> 6 | I17: =MAX(1,MIN(10,'Race skills'!I16+FLOOR((Attributes!J16-5)/$B$3,1))) -> 7 | J17: =MAX(1,MIN(10,'Race skills'!J16+FLOOR((Attributes!K16-5)/$B$3,1))) -> 8 | K17: =MAX(1,MIN(10,'Race skills'!K16+FLOOR((Attributes!J16-5)/$B$3,1))) -> 6 | L17: =MAX(1,MIN(10,'Race skills'!L16+FLOOR((Attributes!I16-5)/$B$3,1))) -> 8 | M17: =MAX(1,MIN(10,'Race skills'!M16+FLOOR((Attributes!I16-5)/$B$3,1))) -> 7 | N17: =MAX(1,MIN(10,'Race skills'!N16+FLOOR((Attributes!L16-5)/$B$3,1))) -> 4
... A23: =Attributes!A22 -> Ghoul | B23: =Attributes!P22 -> Melee | C23: =MAX(1,MIN(10,'Race skills'!C22+FLOOR((Attributes!E22-5)/$B$3,1))) -> 4 | D23: =MAX(1,MIN(10,'Race skills'!D22+FLOOR((Attributes!E22-5)/$B$3,1))) -> 4 | E23: =MAX(1,MIN(10,'Race skills'!E22+FLOOR((Attributes!K22-5)/$B$3,1))) -> 2 | F23: =MAX(1,MIN(10,'Race skills'!F22+FLOOR((Attributes!F22-5)/$B$3,1))) -> 1 | G23: =MAX(1,MIN(10,'Race skills'!G22+FLOOR((Attributes!F22-5)/$B$3,1))) -> 1 | H23: =MAX(1,MIN(10,'Race skills'!H22+FLOOR((Attributes!F22-5)/$B$3,1))) -> 1 | I23: =MAX(1,MIN(10,'Race skills'!I22+FLOOR((Attributes!J22-5)/$B$3,1))) -> 1 | J23: =MAX(1,MIN(10,'Race skills'!J22+FLOOR((Attributes!K22-5)/$B$3,1))) -> 1 | K23: =MAX(1,MIN(10,'Race skills'!K22+FLOOR((Attributes!J22-5)/$B$3,1))) -> 1 | L23: =MAX(1,MIN(10,'Race skills'!L22+FLOOR((Attributes!I22-5)/$B$3,1))) -> 1 | M23: =MAX(1,MIN(10,'Race skills'!M22+FLOOR((Attributes!I22-5)/$B$3,1))) -> 1 | N23: =MAX(1,MIN(10,'Race skills'!N22+FLOOR((Attributes!L22-5)/$B$3,1))) -> 1
A25: Reading this sheet
A26: A Gray Dwarf's Mining should clearly beat a Skeleton Worker's — that gap is the whole reason to recruit one.
A27: An Ogre's Mining climbing near a dwarf's is intended: he hauls more per trip but eats 3.0 food to the dwarf's 1.0.
A28: Clamped to 1-10. The floor of 1 is NOT cosmetic: gather time is 4.0s x 5 / skill, so a 0 divides by zero,
A29: and a low template value plus a -2 attribute modifier reaches 0 easily (a Skeleton Worker's Research would be -1).

Sheet Legend
A1: How to use this workbook
A3: Colour | B3: Meaning
A4: Blue text | B4: Hand-authored input. These are the only cells to edit.
A5: Shaded + blue | B5: A per-race override on the Race skills sheet.
A6: Green text | B6: A live link to another sheet. Don't type over it.
A7: Black text | B7: A formula. Don't type over it.
A8: Yellow fill | B8: The derivation divisor on Effective skills — the main balance knob.
A10: Sheet | B10: What it is
A11: Attributes | B11: 162 hand-authored values: 9 attributes x 18 races (the Ghoul added 2026-09-27, LIVING_WORLD L3). Step 1 of COMBAT_SPEC section 12.
A12: Skill templates | B12: Six templates x 12 skills, plus the governing-attribute map. Step 2.
A13: Race skills | B13: Template + overrides. Only the shaded cells were authored by hand.
A14: Effective skills | B14: What the game uses. Fully derived — nothing to edit but the divisor.
A16: Order of work
A17: 1 | B17: Edit Attributes until each race feels right. Watch max hp and attack profile update.
A18: 2 | B18: Edit Skill templates until each archetype feels right.
A19: 3 | B19: Add or remove overrides on Race skills only where a template genuinely fails a race.
A20: 4 | B20: Read Effective skills to check no race strictly dominates another.
A21: 5 | B21: Export to data/races.json. Templates and overrides should live in the JSON, not in code.
